,ingredients,Count
0,a组料酒,1
1,a组淀粉,1
2,a组盐,1
3,b组料酒,1
4,b组水淀粉,1
5,b组白糖,1
6,b组盐巴,1
7,b组酱油,1
8,b组醋,1
9,chips油炸玉米片,1
10,chocolate,7
11,dark,7
12,farmer,36
13,intense,7
14,john香肠,36
15,lindt,7
16,orange,7
17,paul全麦面包,1
18,qq糖,1
19,sinsin酸甜辣椒酱,22
20,tortilla,1
21,xo酱,3
22,一品鲜酱油,2
23,丁香,69
24,丁香鱼,3
25,三元脱脂鲜牛奶,1
26,三文鱼,9
27,三花酒,5
28,三道鳞鱼,1
29,三黄鸡,42
30,上海青,1
31,东北大酱,2
32,东北豆瓣酱,1
33,东北酸菜,10
34,东头烧肉,1
35,丝瓜,64
36,两斤左右的鸡,1
37,中筋面粉,2
38,中粉,1
39,丸子,1
40,乌参,3
41,乌梅,3
42,乌贼鲜,2
43,乌醋,4
44,乌骨鸡,13
45,乌鱼,2
46,乌鱼蛋,2
47,乌鳢,22
48,乐惠紫菜汤海鲜味,16
49,乐购香辣牛肉粒,1
50,九制话梅,1
51,九层塔,10
52,乳酸菌,1
53,乳鸽,9
54,二刀肉,1
55,二汤,3
56,二荆条,1
57,二荆条干辣椒,1
58,五指毛桃,6
59,五月鲜桃,4
60,五花肉,517
61,五花肉或前腿肉,1
62,五花肉馅,1
63,五香粉,248
64,五香粉秘制酱,1
65,亚硝酸钠,2
66,亚麻籽油,3
67,京葱,2
68,人参,3
69,人参籽,1
70,仔姜,2
71,仔鸡,2
72,低筋面粉,65
73,低筋面粉油酥,1
74,低粉水油皮,1
75,佛手瓜,6
76,元葱,1
77,元贞糖,483
78,光明益生菌原味酸牛奶,1
79,兔子肉,1
80,兔肉,13
81,兔腿,2
82,党参,10
83,全料蒸肉粉,2
84,全麦粉,9
85,八爪鱼,1
86,八角,599
87,公鸡,12
88,公鸡牌三色蝴蝶意大利面,1
89,公鸡肉,1
90,六月香酱,1
91,六月鲜特级原汁酱油,1
92,六月鲜特级酱油,1
93,兰花蟹,1
94,内脂粉,1
95,内酯,1
96,内酯豆腐,8
97,冬枣,1
98,冬瓜,90
99,冬瓜糖,1
100,冬笋,300
101,冬菇干,74
102,冬菜,20
103,冬虫夏草,3
104,冰块,5
105,冰水,5
106,冰淇淋,34
107,冰白开水若干,1
108,冰糖,271
109,冲菜,1
110,冷榨工艺花生油,1
111,冷面,2
112,冻干草菇,1
113,冻豆腐,15
114,凉开水,6
115,凉白开,1
116,凉粉,6
117,凉薯,6
118,凤尾菇,1
119,凤爪,2
120,凤眼果,1
121,刀豆,2
122,刁子鱼,3
123,刺儿菜,1
124,刺老芽,1
125,剁椒,93
126,剁椒茉莉花,1
127,剁椒调味汁,1
128,剁椒酱,7
129,剁辣椒,15
130,加吉鱼,4
131,包公鱼,1
132,包菜,4
133,北京填鸭,1
134,北杏仁,9
135,北极虾,4
136,北极贝,2
137,北芪,1
138,北豆腐,39
139,十三香,76
140,十三香粉,1
141,千岛酱,2
142,千张,2
143,千张包子,1
144,千张豆皮,2
145,千页豆腐,1
146,午餐肉,4
147,半片鸭,1
148,南乳,1
149,南乳汁,1
150,南山益生菌酸奶,16
151,南瓜,115
152,南瓜子炒,4
153,南瓜泥,4
154,南瓜藤,1
155,南豆腐,46
156,卞萝卜,1
157,卤水,15
158,卤汁,4
159,卤牛肉,2
160,卤肉,1
161,卤蛋,1
162,印度飞饼,2
163,卷心菜,137
164,去皮五花肉,1
165,去皮熟花生米,1
166,去皮猪肉,1
167,去骨鸡腿肉,1
168,又伊鲜酱油,1
169,叉烧肉,9
170,叉烧酱,31
171,双椒鱼调料,1
172,发菜干,22
173,发酵粉,10
174,口蘑,32
175,可乐,15
176,可可粉,17
177,史云生清鸡汤,1
178,吉利丁,4
179,吉士粉,9
180,吊瓜,1
181,后臀肉,1
182,吐司,1
183,向阳坊辣味海苔烧,1
184,味噌,3
185,味好美海苔豆腐汤,1
186,味极鲜,15
187,味极鲜酱油,11
188,味精,1761
189,味精可以不放,1
190,味精鸡精,1
191,味素,1
192,味霖,1
193,味鲜汁,1
194,咖啡,4
195,咖啡酒,4
196,咖喱,19
197,咖喱粉,12
198,咖喱粉秘制酱,1
199,咸肉,35
200,咸菜,18
201,咸萝卜干碎,1
202,咸蛋黄,5
203,咸鱼,5
204,咸鸭蛋,29
205,哈密瓜,3
206,啤酒,68
207,喼汁,1
208,嗨e点北海鲜匠白汤,2
209,四季豆,38
210,四川红泡椒,1
211,四川麻辣酱,1
212,四棱豆,2
213,回锅肉,1
214,圆椒,1
215,圆生菜,5
216,圆茄子,2
217,土豆,183
218,土豆泥,1
219,土豆粉,2
220,土豆粉条,1
221,土鸡,2
222,土鸡蛋,4
223,圣女果,17
224,地瓜粉,18
225,地瓜粉条,1
226,地衣水浸,2
227,培根,25
228,基围虾,13
229,塔塔粉,1
230,塘水虾,2
231,塘虱鱼,1
232,墨鱼,18
233,墨鱼丸,3
234,墨鱼圈,1
235,夏枯草,1
236,外婆菜,2
237,多宝鱼,1
238,大包粉,1
239,大头菜,1
240,大料,22
241,大料t,1
242,大江盐酥鸡,5
243,大油,1
244,大白菜,12
245,大白菜帮,1
246,大米,115
247,大米粉,1
248,大红菇干,1
249,大红袍花椒,1
250,大葱,121
251,大葱大蒜,1
252,大葱葱白,6
253,大蒜,310
254,大蒜叶,2
255,大蒜头,2
256,大蒜子,3
257,大蒜末,1
258,大蒜汁,2
259,大蒜籽,4
260,大蒜粉,3
261,大蒜苗,4
262,大虾,3
263,大豆色拉油,1
264,大豆蛋白片,1
265,大闸蟹,45
266,大青椒,1
267,大鸡腿,1
268,大麦,1
269,天妇罗,2
270,天麻,1
271,太太乐鲜鸡汁,1
272,太白粉,23
273,头抽,8
274,夹子肉猪肉,1
275,女儿红绍兴黄酒,1
276,奶油奶酪,1
277,奶白菜,11
278,奶粉,54
279,奶酪,11
280,奶酪粉,1
281,好侍完熟番茄块,2
282,好时巧克力酱,6
283,姜,3337
284,姜t,1
285,姜丝,12
286,姜块,2
287,姜子姜,4
288,姜干,2
289,姜末,19
290,姜汁,133
291,姜片,32
292,姜碎,1
293,姜粉,22
294,姜茸,1
295,姜葱蒜,1
296,姜蒜,6
297,姜蒜葱,1
298,姜蓉,4
299,姜醋,1
300,姬松茸,1
301,娃娃菜,25
302,娃娃菜叶子,1
303,嫩南瓜,4
304,嫩肉粉,8
305,嫩豆腐,5
306,嫩鸡,1
307,子姜,13
308,孜然,64
309,孜然粉,8
310,孜然粒,1
311,安佳黄油有盐,1
312,客家娘酒,1
313,客家盐焗鸡粉,1
314,客家米酒,1
315,宫保鸡丁调料,1
316,宫保鸡丁酱油,1
317,家乐牌香蒜炸粉,1
318,家乐鸡粉,1
319,家乐鸡粉调味料,1
320,家雀蛋豆角,1
321,家麻家辣火锅料,1
322,宽粉,1
323,宽粉条,1
324,密云水库鲫鱼,1
325,寇大香鲜椒豆瓣,1
326,对虾,41
327,寿司醋,1
328,小仔鸡,1
329,小八带,1
330,小土豆,2
331,小小光明奶酪草莓味,3
332,小尖椒,2
333,小木耳,1
334,小榨菜籽油,1
335,小油菜,4
336,小洋葱,1
337,小白菜,108
338,小白菜干,1
339,小米,27
340,小米椒,50
341,小米辣,8
342,小米面,2
343,小粉,1
344,小红椒,3
345,小红油,1
346,小苏打,2
347,小苏打粉,1
348,小茄子,1
349,小茴香,2
350,小葱,842
351,小蒜,3
352,小辣椒,4
353,小辣椒很辣,1
354,小金瓜,1
355,小青菜,1
356,小香菇,1
357,小香葱,2
358,小鱼干,1
359,小鲜侶,1
360,小鸡,1
361,小鸡腿,1
362,小麦胚芽,2
363,小黄花鱼,14
364,小龙虾,8
365,尖椒,152
366,山楂,17
367,山楂干,1
368,山楂汁,1
369,山瑞,1
370,山胡椒,1
371,山胡椒油,1
372,山茶油,1
373,山药,88
374,山西老醋,2
375,山黄皮,1
376,川芎,1
377,川贝母,2
378,巧克力,7
379,巧克力豆,1
380,巴沙鱼,3
381,帕玛拉特黄桃酸奶,6
382,带子,14
383,带皮二刀肉,1
384,带皮五花肉,2
385,带纹猪梅肉,1
386,带鱼,28
387,干丝,1
388,干冬菇,1
389,干姜,1
390,干山楂,2
391,干平菇,1
392,干木耳,3
393,干欧芹碎,1
394,干淀粉,7
395,干笋,2
396,干粉条,1
397,干红尖椒,1
398,干红椒,1
399,干红辣椒,18
400,干红辣皮,1
401,干肠料,1
402,干花椒,11
403,干花椒粒,3
404,干荷叶,1
405,干蘑菇,4
406,干豆腐,2
407,干豆豉,2
408,干豇豆,1
409,干贝,60
410,干贝素,9
411,干贝边,1
412,干辣子,1
413,干辣椒,554
414,干辣椒t,1
415,干辣椒丝,1
416,干辣椒段,3
417,干辣椒碎,1
418,干辣椒面,1
419,干辣皮,2
420,干金针,1
421,干锅调料,1
422,干香菇,123
423,干黄花菜,25
424,干黄酱,2
425,平菇,23
426,平鱼,1
427,年糕,7
428,广东香肠,1
429,广肚,1
430,开心果熟,1
431,开水,5
432,开水秘制酱,1
433,当归,12
434,彩椒,42
435,德芙原粒什锦巧克力,10
436,心里美萝卜,3
437,忌廉,1
438,思念葱油花卷,1
439,恒顺香醋,2
440,意大利什香草,1
441,意大利面,4
442,意粉,1
443,扁豆,20
444,扁豆白,3
445,扇贝,8
446,手剥去皮花生,1
447,手擀面,1
448,扯面,1
449,抄手皮,1
450,披萨草,2
451,抹茶粉,8
452,拉皮,11
453,拉面,1
454,挂面,8
455,指天椒,1
456,排骨,21
457,排骨酱,2
458,文昌鸡,2
459,文蛤,15
460,料洒,1
461,料酒,2138
462,新鲜大虾,1
463,新鲜活鱼,1
464,新鲜猪棒骨,1
465,新鲜猪肉,1
466,方便面,2
467,旗鱼,1
468,无花果,3
469,日本豆腐,4
470,旺旺仙贝,1
471,旺旺雪饼,1
472,明太鱼,2
473,明虾,12
474,春卷,1
475,春笋,52
476,春饼,2
477,普通面粉,1
478,晶鱼,2
479,月饼,1
480,有机厨房天然超大葡萄干,23
481,朗姆酒,4
482,朝天椒,85
483,木瓜,21
484,木耳,25
485,木耳丝,2
486,木耳水发,6
487,木耳菜,10
488,木薯淀粉,1
489,木薯粉,31
490,杂蔬粒,1
491,李锦记一品鲜特级酱油,1
492,李锦记叉烧酱,2
493,李锦记美极鲜特级酱油,1
494,杏,2
495,杏仁粉,4
496,杏仁露,1
497,杏干,2
498,杏鲍茹,1
499,杏鲍菇,50
500,杏鲍菇t,1
501,杜仲,2
502,杨桃,2
503,杨梅,5
504,杭椒,21
505,松仁,1
506,松子,8
507,松子仁,12
508,松花蛋,32
509,松花蛋鸡蛋,2
510,松蘑干,11
511,板栗,22
512,板鸭,2
513,枇杷,5
514,果丹皮,2
515,果冻粉,1
516,果椒,1
517,果汁,9
518,果珍,2
519,果糖,1
520,果胶,1
521,果脯,3
522,果醋,1
523,枝竹,14
524,枣干,59
525,枣干大,1
526,枣泥,3
527,枣粉,1
528,枣鲜,96
529,枧水,11
530,枸杞,52
531,枸杞子,3
532,柑桔,1
533,柚子,1
534,柚子皮,2
535,柠檬,29
536,柠檬水,2
537,柠檬汁,35
538,柱侯酱,12
539,柱候酱,4
540,柴鱼,1
541,柴鸡,3
542,柿子,1
543,柿子椒,566
544,柿饼,1
545,栀子粉,1
546,栗子,1
547,栗子仁熟,5
548,栗子鲜,8
549,核桃,38
550,核桃仁,1
551,核桃鲜,16
552,桂圆,24
553,桂圆干,1
554,桂格银耳杏仁莲子,1
555,桂皮,287
556,桂花,26
557,桂花茶,2
558,桂花蜜,1
559,桃仁,5
560,桐花鱼,1
561,桑寄生,1
562,桔子罐头,1
563,桔汁,2
564,桔皮,3
565,桔饼,2
566,梅,4
567,梅头肉,9
568,梅干菜,5
569,梅条肉,1
570,梅肉,3
571,梅花肉,6
572,梅菜,17
573,梨,26
574,梭子蟹,2
575,梭鱼,1
576,棒骨,1
577,植物油,941
578,植物油2,1
579,椒盐,85
580,椰丝,5
581,椰奶,3
582,椰子,7
583,椰子汁,1
584,椰子粉,2
585,椰汁,1
586,椰浆,6
587,椰蓉,11
588,椰蓉馅料部分,1
589,榆钱,1
590,榛子,2
591,榛蘑,2
592,榛蘑干,6
593,榨菜,25
594,槟榔芋,3
595,樱桃,31
596,樱桃萝卜,2
597,橄榄油,77
598,橄榄白榄,2
599,橄榄菜,12
600,橘子,2
601,橘饼,2
602,橙,17
603,橙子味黑巧克力,7
604,橙汁,7
605,橙皮,1
606,欧芹,25
607,正和山楂片,10
608,武昌鱼,16
609,歪头菜,1
610,母亲生烤牛肉丁泰式咖喱味,1
611,母鸡,73
612,比目鱼,2
613,毛汤,1
614,毛竹笋,1
615,毛肚梗,1
616,毛蛤蜊,2
617,毛豆,58
618,毛豆腐,127
619,水,796
620,水晶粉,1
621,水晶虾饺粉,2
622,水晶饺子粉,1
623,水果胡萝卜,1
624,水梨,1
625,水水油皮,1
626,水淀粉,500
627,水煮肉调料,1
628,水煮鱼底料,1
629,水煮鱼料包,2
630,水煮鱼调料,2
631,水煮鱼调料包,2
632,水疙瘩,1
633,水芹菜,5
634,水萝卜,10
635,水蜜桃,1
636,水豆粉,1
637,水面,2
638,水面筋,11
639,汁,1
640,江团,3
641,江米酒,96
642,汤种,2
643,沙丁鱼,1
644,沙光鱼,1
645,沙参,2
646,沙司,1
647,沙姜,22
648,沙姜粉,1
649,沙尖鱼,1
650,沙巴鱼柳,1
651,沙律酱,2
652,沙拉酱,12
653,沙茶酱,35
654,沙钻鱼,2
655,河田鸡,1
656,河粉,9
657,河虾,17
658,河蚌,4
659,河蟹,6
660,油,141
661,油条,11
662,油榄角,1
663,油泼辣子,4
664,油炸花生米,2
665,油盐,2
666,油菜,71
667,油菜小,1
668,油菜苔,79
669,油葱酥,1
670,油螺,1
671,油豆皮,1
672,油豆腐,31
673,油豆角,6
674,油辣子,3
675,油辣酱,1
676,油面,1
677,油面筋,25
678,油麦菜,16
679,法香,1
680,泡发好的海参,1
681,泡发香菇,2
682,泡好的黄豆,1
683,泡姜,27
684,泡小米辣,1
685,泡打粉,39
686,泡椒,43
687,泡椒小米辣,1
688,泡椒泡姜,1
689,泡椒酱,1
690,泡海椒,1
691,泡生姜,1
692,泡红椒,56
693,泡花椒,2
694,泡菜,8
695,泡菜水,4
696,泡萝卜,2
697,泡辣椒,2
698,泡酸菜,1
699,泥蚶,2
700,泥螺,1
701,泥鳅,14
702,泰式酸辣酱,1
703,洋姜,2
704,洋菇,2
705,洋葱,318
706,洋葱丁,1
707,洋葱头,1
708,洋葱白皮脱水,7
709,洋葱粉,2
710,洋葱紫皮脱水,1
711,浆水,1
712,浓汤宝,7
713,浓缩柠檬汁,1
714,浓缩橘汁,3
715,浓缩鸡汁,2
716,海参,62
717,海参即食海参,1
718,海参干,1
719,海参水浸,1
720,海天酱油,1
721,海带,47
722,海带丝,17
723,海底捞底料,1
724,海底椰,2
725,海椒面,2
726,海瓜子,4
727,海盐,2
728,海肠,2
729,海胆,1
730,海苔,1
731,海菜凉粉,1
732,海藻,1
733,海虾,20
734,海蚌,3
735,海蜇丝,1
736,海蜇头,4
737,海蜇皮,13
738,海蜇血,1
739,海螺,10
740,海蟹,4
741,海鲜酱,13
742,海鲜酱油,7
743,海鳗,2
744,海鸭蛋,1
745,润肠,1
746,淀粉,894
747,淀粉干,1
748,淀粉水,1
749,淘米水,2
750,淡奶,10
751,淡奶油,65
752,淡菜,7
753,添丁甜醋,1
754,清水,42
755,清水蟹,1
756,清汤,127
757,清酒,1
758,温水,1
759,湿淀粉,3
760,湿辣椒,1
761,滑子菇,4
762,澄粉,18
763,澄面,5
764,火焙鱼,3
765,火腿,368
766,火腿汁,1
767,火腿肠,1
768,火锅底料,20
769,火锅底料红油,1
770,火鸡腿,1
771,火龙果,3
772,灯笼椒,5
773,灵芝,3
774,炒料,1
775,炒料姜,1
776,炒料干椒,1
777,炒料盐,1
778,炒料花椒,1
779,炒料郫县豆瓣酱,1
780,炒米,1
781,炖肉料,2
782,炸粉,3
783,炸酱,1
784,烘焙油纸,1
785,烤冷面的面,1
786,烤海苔,2
787,烤肉料,6
788,烤肉酱,8
789,烤肠,1
790,烤麸,12
791,烧汁,1
792,烧烤汁,1
793,烧肉,2
794,烧饼,2
795,烧鸡公调料,1
796,烧鸭,4
797,热水,4
798,热狗原味,1
799,熊掌,1
800,熏醋,1
801,熟五花肉,3
802,熟五花肉末,1
803,熟地黄,1
804,熟猪大肠,1
805,熟猪油,1
806,熟猪肉,1
807,熟猪肝,1
808,熟猪苦肠,1
809,熟猪血肠,1
810,熟白芝麻,5
811,熟芝麻,6
812,熟花生,1
813,熟花生油,1
814,熟花生碎,2
815,熟花生米,1
816,熟面粉,6
817,熟鸡蛋,1
818,燕窝,14
819,燕饺,1
820,燕麦片,20
821,片糖,5
822,牙签,1
823,牛仔骨,2
824,牛大肠,1
825,牛奶,26
826,牛奶馅料部分,1
827,牛尾,7
828,牛心,4
829,牛排,3
830,牛板筋,1
831,牛柳,1
832,牛油,17
833,牛油果,1
834,牛筋,2
835,牛筋丸,1
836,牛肉,174
837,牛肉丝,1
838,牛肉前腿,1
839,牛肉干,1
840,牛肉末,2
841,牛肉末t,1
842,牛肉片,1
843,牛肉瘦,2
844,牛肉粉,2
845,牛肉腹部肉,1
846,牛肉酱,5
847,牛肉酱豆瓣酱,1
848,牛肉里脊,2
849,牛肉馅,5
850,牛肚,41
851,牛肝菌,3
852,牛脑,2
853,牛腩,24
854,牛腱子,18
855,牛舌,7
856,牛蒡,10
857,牛蛙,11
858,牛蹄筋,13
859,牛里脊,29
860,牛里脊肉,1
861,牛鞭,2
862,牛骨,3
863,牛髓,4
864,牡丹花,1
865,牡蛎,14
866,特级酱油,1
867,特级鲜酱油,1
868,狗母鱼,3
869,独大蒜,1
870,独头蒜,1
871,独蒜,5
872,狮头鱼,1
873,猕猴桃,3
874,猪二层肉,1
875,猪五花,4
876,猪五花肉,1
877,猪前腿肉,1
878,猪大排,192
879,猪大肠,34
880,猪大骨头,37
881,猪大骨汤,1
882,猪头肉,11
883,猪小排,6
884,猪小肠,8
885,猪尾巴,10
886,猪尾骨,1
887,猪心,10
888,猪手,2
889,猪排,1
890,猪排骨,2
891,猪板筋,1
892,猪梅肉,2
893,猪梅花肉,1
894,猪棒骨,1
895,猪油,8
896,猪油或者菜籽油,1
897,猪油板油,532
898,猪油渣,1
899,猪油炼,1
900,猪瘦肉,14
901,猪瘦肉t,1
902,猪皮,24
903,猪皮冻,1
904,猪筒骨,2
905,猪网油,14
906,猪耳,8
907,猪耳朵,1
908,猪肉,627
909,猪肉后肘,32
910,猪肉后臀尖,9
911,猪肉松,3
912,猪肉瘦,14
913,猪肉肉丝,1
914,猪肉肥,3
915,猪肉肥瘦,8
916,猪肉腿,2
917,猪肉通脊良杂猪,1
918,猪肉里脊,3
919,猪肉馅,127
920,猪肋排,2
921,猪肘,2
922,猪肘子,1
923,猪肘肉,1
924,猪肚,60
925,猪肝,36
926,猪肠,11
927,猪肠粉,3
928,猪肺,4
929,猪脊肉,1
930,猪脊骨,14
931,猪脑,4
932,猪脚,1
933,猪腰,36
934,猪腿肉,31
935,猪臀尖,1
936,猪舌,5
937,猪血,8
938,猪血肠,1
939,猪蹄,75
940,猪蹄筋,10
941,猪蹄膀,3
942,猪通脊,1
943,猪通脊肉,1
944,猪里脊,3
945,猪里脊肉,156
946,猪颈肉,3
947,猪骨,3
948,猪髓,1
949,猴头菇,5
950,玉兰片,63
951,玉竹,10
952,玉米,72
953,玉米油,34
954,玉米油油酥,1
955,玉米淀粉,192
956,玉米笋,5
957,玉米粒,1
958,玉米粒黄干,14
959,玉米糁黄,1
960,玉米糖稀,1
961,玉米胚芽油,1
962,玉米面白,1
963,玉米面黄,41
964,玉米鲜,15
965,玫瑰花,4
966,玫瑰茄,1
967,玫瑰酒,4
968,玫瑰酱,1
969,玫瑰露酒,1
970,玫瑰香葡萄,1
971,珍珠斑,1
972,琴鱼,1
973,琵琶腿,3
974,琵琶虾,1
975,琼脂,8
976,甘草,14
977,甘蓝,1
978,甘蔗,1
979,甘薯,2
980,甘薯白心,2
981,甜椒,4
982,甜玉米,6
983,甜瓜,4
984,甜菜根,1
985,甜辣酱,6
986,甜酒曲,3
987,甜酱油,1
988,甜醋,7
989,甜面酱,139
990,生姜,103
991,生姜片,2
992,生姜粉,1
993,生抽,1301
994,生抽味极鲜,1
995,生抽秘制酱,1
996,生抽酱油,5
997,生淀粉,1
998,生粉,228
999,生花生米,3
1000,生菜,93
1001,生蚝,7
1002,生鱼片,1
1003,田螺,10
1004,田鸡,10
1005,田鸡腿,2
1006,甲鱼,22
1007,番茄,2
1008,番茄汁,4
1009,番茄沙司,17
1010,番茄甜辣酱,1
1011,番茄酱,278
1012,番薯叶,4
1013,瘦猪肉,1
1014,瘦肉,16
1015,白兰地,1
1016,白凉粉,2
1017,白味增,1
1018,白寇,1
1019,白巧克力,1
1020,白朗姆酒,1
1021,白术,2
1022,白条鱼裸鱼,1
1023,白果,4
1024,白果干,17
1025,白油,2
1026,白灵菇,2
1027,白矾,3
1028,白砂糖,398
1029,白米虾,1
1030,白糖,1814
1031,白糖b,1
1032,白胡椒,79
1033,白胡椒粉,43
1034,白胡椒粉秘制酱,1
1035,白胡椒粒,1
1036,白芍,1
1037,白芝麻,92
1038,白芝麻可选,1
1039,白芝麻馅料部分,1
1040,白芷,17
1041,白芸豆,1
1042,白茄子,1
1043,白菜,164
1044,白菜叶,2
1045,白菜薹,4
1046,白萝卜,104
1047,白葡萄酒,4
1048,白薯,1
1049,白虾,3
1050,白豆,2
1051,白豆蔻,1
1052,白贝,1
1053,白辣椒,6
1054,白酒,174
1055,白酒或者料酒,1
1056,白酱油,33
1057,白醋,128
1058,白鱼,6
1059,白鲞黄鱼干制品,1
1060,白鲢鱼,1
1061,百叶,1
1062,百合,20
1063,百合粉,1
1064,百里香,6
1065,百香果汁,1
1066,皖鱼,2
1067,皮渣,1
1068,皮皮虾,5
1069,盐,454
1070,盐未经,1
1071,盐水,1
1072,盐焗粉,1
1073,盐焗鸡粉,1
1074,盐生抽味精鸡精,1
1075,盐秘制酱,1
1076,盐适量,1
1077,眉豆,1
1078,真姬菇,8
1079,真蛸章鱼,1
1080,石斑鱼,2
1081,石榴,2
1082,石耳,2
1083,石花菜,1
1084,矿泉水,6
1085,砂仁,22
1086,砂糖,7
1087,碎米芽菜,2
1088,碗汁料酒,1
1089,碱,31
1090,磨豉酱,1
1091,磷虾肉,1
1092,祖名内脂豆腐,1
1093,禧运年切片年糕,9
1094,秀珍菇,4
1095,秋刀鱼,6
1096,秋葵,2
1097,秋黄瓜,1
1098,秘制叉烧酱,1
1099,秘制底料,1
1100,空心菜,13
1101,章鱼,5
1102,童子鸡,19
1103,竹炭粉,1
1104,竹笋,79
1105,竹笋纸,1
1106,竹荪,12
1107,竹蔗,1
1108,竹轮,1
1109,笋干,32
1110,笋片,1
1111,笔管鱼,1
1112,笨鸡,1
1113,等等,1
1114,米,2
1115,米婆婆甜香酒酿,5
1116,米粉,23
1117,米线,16
1118,米豆腐,2
1119,米酒,7
1120,米醋,83
1121,米饭,70
1122,籼米标一,2
1123,粄条,1
1124,粉丝,113
1125,粉利,1
1126,粉条,17
1127,粉条干,58
1128,粉皮,27
1129,粉芡土豆淀粉,1
1130,粉芡料酒,1
1131,粉芡水,1
1132,粉芡油,1
1133,粉蒸肉,1
1134,粗盐,9
1135,粘米粉,7
1136,粳米标一,12
1137,粽叶,8
1138,精制红油,1
1139,精盐,25
1140,精肉,2
1141,糍粑,1
1142,糍粑辣椒,2
1143,糕粉,2
1144,糖,106
1145,糖桂花,30
1146,糖水油皮,1
1147,糖浆,2
1148,糖秘制酱,1
1149,糖粉,37
1150,糖色,22
1151,糖蜜,1
1152,糖醋汁盐,1
1153,糖醋汁糖,1
1154,糖醋汁醋,1
1155,糖醋酱,1
1156,糖馅料部分,1
1157,糙米,9
1158,糜子面,3
1159,糟卤,6
1160,糟豆腐乳,1
1161,糟辣椒,2
1162,糯米,135
1163,糯米甜醋,1
1164,糯米粉,71
1165,糯米粉馅料部分,1
1166,糯米饭,3
1167,素火腿,4
1168,素鸡,9
1169,紫干葱头,1
1170,紫甘蓝,27
1171,紫皮茄子,1
1172,紫石房蛤,1
1173,紫米,1
1174,紫糯米,3
1175,紫苏,23
1176,紫苏子,1
1177,紫茄子,2
1178,紫菜,13
1179,紫薯,33
1180,紫薯粉,1
1181,紫薯馅,2
1182,紫贝菜,1
1183,紫金酱,1
1184,红剁椒,1
1185,红娘鱼,1
1186,红尖椒,315
1187,红彩椒,1
1188,红曲米,1
1189,红曲米粉,1
1190,红曲粉,18
1191,红曲粉可不放,1
1192,红曲酒糟,2
1193,红枣,7
1194,红椒,263
1195,红油,7
1196,红油豆瓣,1
1197,红油豆瓣郫县豆瓣,1
1198,红油豆瓣酱,1
1199,红油辣子,1
1200,红油郫县豆瓣酱,1
1201,红泡椒,1
1202,红灯笼椒,1
1203,红烧汁,2
1204,红烧老抽,1
1205,红烧肉,1
1206,红烧酱油,2
1207,红片糖,1
1208,红皮洋葱,2
1209,红米,2
1210,红米椒,3
1211,红米酒,1
1212,红糖,62
1213,红糖片,1
1214,红糟,22
1215,红绿丝,5
1216,红绿辣椒,1
1217,红肖梨,1
1218,红肠,2
1219,红花椒,2
1220,红茶,3
1221,红菜苔,4
1222,红萝卜,59
1223,红葱头,50
1224,红葱酥,1
1225,红薯,42
1226,红薯淀粉,14
1227,红薯粉,4
1228,红薯粉丝,14
1229,红薯粉条,3
1230,红蘑菇,1
1231,红螺,1
1232,红衣花生,1
1233,红衫鱼,3
1234,红豆沙,1
1235,红辣椒,29
1236,红辣椒末,1
1237,红酒,14
1238,红酒醋,1
1239,红酸汤,1
1240,红醋,2
1241,红青小辣椒,1
1242,纯净水,6
1243,线椒,4
1244,细砂糖,6
1245,细面条,1
1246,细香葱,71
1247,绍兴黄酒,1
1248,绵白糖,23
1249,绿尖椒,2
1250,绿色的二荆条辣椒,1
1251,绿色蔬菜,1
1252,绿芙蓉龟苓膏盒装,1
1253,绿花椒,2
1254,绿茶,2
1255,绿茶粉,6
1256,绿萝卜,1
1257,绿豆,25
1258,绿豆沙,2
1259,绿豆淀粉,3
1260,绿豆粉丝,4
1261,绿豆芽,35
1262,绿豆面,9
1263,绿辣椒,1
1264,绿鳍马面豚,1
1265,罗勒,10
1266,罗勒叶,1
1267,罗汉果,5
1268,罗非鱼,5
1269,罗非鱼不用,3
1270,羊头,6
1271,羊心,3
1272,羊排,23
1273,羊杂,2
1274,羊杂酱料包,1
1275,羊肉,111
1276,羊肉熟,1
1277,羊肉片,7
1278,羊肚,10
1279,羊肚菌,3
1280,羊肝,9
1281,羊肠,1
1282,羊肺,4
1283,羊肾,3
1284,羊脑,1
1285,羊腿,22
1286,羊蝎子,1
1287,羊血,2
1288,羊蹄,5
1289,羊里脊肉,10
1290,羊骨,2
1291,美人椒,1
1292,美极鲜味汁,1
1293,老冰糖,1
1294,老卤汤,1
1295,老姜,16
1296,老姜肉姜黄姜,1
1297,老干妈,4
1298,老干妈油辣椒酱,1
1299,老干妈豆豉酱,1
1300,老干妈辣三丁,1
1301,老抽,553
1302,老抽t,1
1303,老抽上色,1
1304,老抽秘制酱,1
1305,老水鸭,1
1306,老豆腐,1
1307,老酒,1
1308,老酵面,1
1309,老陈醋,2
1310,老面,2
1311,老黄瓜,1
1312,耐干烧砂锅,1
1313,耗油,15
1314,肉,3
1315,肉丝,5
1316,肉丸,14
1317,肉寇,1
1318,肉末,6
1319,肉松,8
1320,肉桂,16
1321,肉桂粉,17
1322,肉汤,2
1323,肉沫,3
1324,肉皮冻,2
1325,肉糜,1
1326,肉肉,1
1327,肉蔻,9
1328,肉豆蔻,8
1329,肉馅,4
1330,肠粉,1
1331,肠粉专用粉,7
1332,肠粉专用酱油,2
1333,肠粉皮,1
1334,肠粉粉,2
1335,肠粉酱油,4
1336,肠粉预拌粉,2
1337,肠衣,4
1338,肥牛,12
1339,肥肉,1
1340,肥肠,1
1341,肥膘丁,1
1342,胖头鱼,3
1343,胡椒,63
1344,胡椒粉,1068
1345,胡椒粉五香粉,1
1346,胡椒面,2
1347,胡萝卜,606
1348,胡萝卜t,1
1349,胡萝卜丝,2
1350,胡萝卜干,1
1351,胡萝卜红,1
1352,胡麻油,9
1353,脆皮肠,1
1354,脆皮豆腐,2
1355,脆骨,3
1356,腊八豆,3
1357,腊八豆豉,1
1358,腊干子,1
1359,腊牛肉,2
1360,腊瘦肉,1
1361,腊羊肉,1
1362,腊肉,74
1363,腊肠,27
1364,腊鱼,6
1365,腊鸡腿,3
1366,腊鸭,1
1367,腊鸭脖子,1
1368,腌制粗盐t,1
1369,腌制调料,1
1370,腌大头菜,4
1371,腌好的酸菜,1
1372,腌料,2
1373,腌料料酒,2
1374,腌料淀粉,2
1375,腌料盐,1
1376,腌料胡椒粉,1
1377,腌料鸡蛋清,2
1378,腌肉,1
1379,腌芥菜,1
1380,腌豆瓣酱和茄子,1
1381,腌酱瓜,1
1382,腌韭菜花,2
1383,腌黄皮,1
1384,腐乳汁,29
1385,腐乳汤,1
1386,腐乳白,3
1387,腐乳红,27
1388,腐乳香辣味,10
1389,腐竹,16
1390,腰果,19
1391,自养鸡,1
1392,自制剁椒,1
1393,自制麻辣红油,2
1394,自发粉,3
1395,臭豆腐,10
1396,臭鳜鱼,1
1397,色拉油,821
1398,色拉油猪油,1
1399,色拉酱,3
1400,艾蒿,1
1401,节瓜,10
1402,芋头,70
1403,芋艿,1
1404,芋蒙,1
1405,芒果,7
1406,芝士粉,2
1407,芝麻,138
1408,芝麻汤圆,1
1409,芝麻油,557
1410,芝麻盐,1
1411,芝麻酱,77
1412,芡实,1
1413,芡实米,5
1414,芡实米鲜,2
1415,芡粉,2
1416,芥末,18
1417,芥末油,5
1418,芥末酱,1
1419,芥菜,22
1420,芥菜头,2
1421,芥蓝,25
1422,芦笋,55
1423,芦苇叶,1
1424,芦荟,2
1425,芫荽籽,1
1426,花椒,827
1427,花椒和麻椒,1
1428,花椒大料,5
1429,花椒水,1
1430,花椒油,57
1431,花椒粉,195
1432,花椒粉t,1
1433,花椒粒,23
1434,花椒芽,1
1435,花椒面,16
1436,花椒麻椒干辣椒,1
1437,花生,93
1438,花生仁,2
1439,花生仁油炸,2
1440,花生仁炒,29
1441,花生仁生,5
1442,花生油,597
1443,花生炒,32
1444,花生碎,3
1445,花生米,17
1446,花生粉,8
1447,花生部分,1
1448,花生酱,14
1449,花生鲜,1
1450,花胶,4
1451,花莲,1
1452,花菇,4
1453,花菜,2
1454,花蛤蜊,4
1455,花雕酒,21
1456,花鲢,2
1457,花鲢鱼,2
1458,芸苓,1
1459,芸豆,26
1460,芸豆白,2
1461,芸豆馅,1
1462,芹菜,157
1463,芹菜叶,7
1464,芹菜茎,1
1465,芽菜,8
1466,芽菜肉臊,1
1467,苋菜,8
1468,苋菜紫,2
1469,苏打粉,51
1470,苏打饼干,1
1471,苔菜,5
1472,苜蓿,1
1473,苤蓝,3
1474,苦瓜,77
1475,苦笋,4
1476,苦苣,1
1477,苦荞麦粉,10
1478,苦菊,5
1479,苦菜,15
1480,苹果,40
1481,苹果脯,1
1482,苹果醋,5
1483,茄子,177
1484,茄子圆,1
1485,茄子紫皮长,38
1486,茄子绿皮,1
1487,茅根,1
1488,茉莉花,1
1489,茭白,32
1490,茯苓,4
1491,茴香,52
1492,茴香子,1
1493,茴香籽,59
1494,茶叶,20
1495,茶树菇,21
1496,茶油,18
1497,茶籽油,2
1498,茼蒿,16
1499,草果,76
1500,草莓,5
1501,草莓粉,1
1502,草莓酱,1
1503,草菇,25
1504,草鱼,139
1505,草鱼t,1
1506,草鱼或鲤鱼,1
1507,草鸡,2
1508,荔枝,6
1509,荔浦芋,1
1510,荜拨,3
1511,荞菜,1
1512,荞麦,1
1513,荠菜,24
1514,荷兰乳牛乳酪牛奶,127
1515,荷兰豆,31
1516,荷叶,20
1517,荸荠,108
1518,莜面,8
1519,莜麦面,1
1520,莲子,42
1521,莲花白,1
1522,莲花菜,1
1523,莲蓉,2
1524,莲藕,5
1525,莴笋,96
1526,莴笋叶,11
1527,莴笋叶子,1
1528,莴笋干,1
1529,莴苣,2
1530,莼菜,9
1531,菊花,2
1532,菜心,2
1533,菜油,2
1534,菜瓜,2
1535,菜籽油,94
1536,菜花,50
1537,菠菜,120
1538,菠萝,31
1539,菠萝蜜,1
1540,菱角,3
1541,萝卜,2
1542,萝卜丁,1
1543,萝卜干,18
1544,萝卜缨白,5
1545,萝卜苗,1
1546,葛仙米,1
1547,葛粉,1
1548,葡萄,1
1549,葡萄干,8
1550,葡萄柚,1
1551,葡萄汁,1
1552,葡萄酒,4
1553,葫芦,5
1554,葱,2386
1555,葱t,2
1556,葱丝,1
1557,葱丝姜丝,1
1558,葱块,1
1559,葱头,4
1560,葱姜,17
1561,葱姜丝,1
1562,葱姜料酒,1
1563,葱姜末,5
1564,葱姜汁,20
1565,葱姜蒜,25
1566,葱姜蒜末,4
1567,葱姜蒜片,1
1568,葱末,7
1569,葱段,5
1570,葱段姜片蒜瓣,1
1571,葱沫,1
1572,葱油,32
1573,葱白,109
1574,葱白段,1
1575,葱结,1
1576,葱绿,1
1577,葱花,35
1578,葱花儿,3
1579,葱蒜,1
1580,葵花子仁,6
1581,葵花子炒,1
1582,葵花油,1
1583,葵花籽油,4
1584,蒙牛冠菌优酪乳酸牛奶草莓味瓶装,1
1585,蒙牛南洋风情酸牛奶,2
1586,蒙牛桶装原味酸牛奶,1
1587,蒜,1692
1588,蒜t,1
1589,蒜叶,1
1590,蒜头,17
1591,蒜头甜,2
1592,蒜子,1
1593,蒜未,1
1594,蒜末,30
1595,蒜段,1
1596,蒜泥,63
1597,蒜片,5
1598,蒜瓣,26
1599,蒜白,2
1600,蒜米,2
1601,蒜粒,1
1602,蒜苔,86
1603,蒜苗,71
1604,蒜蓉,4
1605,蒜蓉豆豉酱,1
1606,蒜蓉辣椒酱,2
1607,蒜蓉辣酱,2
1608,蒜薹,3
1609,蒜黄,1
1610,蒲菜,5
1611,蒸肉粉,1
1612,蒸鱼豉油,80
1613,蒸鱼鼓油,1
1614,蓝莓果酱,3
1615,蔬菜,1
1616,蔬菜粒,1
1617,蕃茄沙司,1
1618,蕃茄酱,1
1619,蕨根粉,4
1620,蕨菜,8
1621,薄盐生抽,2
1622,薄纱纸,1
1623,薄荷,5
1624,薏米,32
1625,藏红花,1
1626,藕,72
1627,藕带,1
1628,藕粉,4
1629,藜蒿,10
1630,藠头,3
1631,藤椒,1
1632,藤椒油,2
1633,藿香,2
1634,蘑菇,63
1635,蘑菇粉,2
1636,蘑菇精,7
1637,虫草花,10
1638,虱目鱼,1
1639,虾,186
1640,虾丸,2
1641,虾仁,186
1642,虾头,1
1643,虾干,6
1644,虾油,10
1645,虾片,3
1646,虾皮,61
1647,虾米,114
1648,虾籽,9
1649,虾肉,1
1650,虾胶,1
1651,虾酱,14
1652,虾饺粉,1
1653,虾饺粉一份100克另一份150克,1
1654,蚕蛹,4
1655,蚕蛾,1
1656,蚕豆,15
1657,蚕豆淀粉,252
1658,蚝油,457
1659,蚝油秘制酱,1
1660,蚬肉,3
1661,蛇,1
1662,蛇肉,1
1663,蛋清,17
1664,蛋片,1
1665,蛋皮,10
1666,蛋糕,16
1667,蛋糕片,1
1668,蛋黄,1
1669,蛋黄酱,4
1670,蛏子,19
1671,蛏干,4
1672,蛤蚧,1
1673,蛤蜊,23
1674,蛤蜊肉,1
1675,蛾眉豆,1
1676,蜂蜜,60
1677,蜜兰诺杏仁千层饼,1
1678,蜜枣,20
1679,蜜桔,1
1680,蜜豆,13
1681,蝎子,1
1682,蝗虫,1
1683,螺,2
1684,螺丝椒,1
1685,螺旋藻干,2
1686,螺蛳,1
1687,蟹味菇,10
1688,蟹柳,9
1689,蟹粉,4
1690,蟹肉,14
1691,蟹肉棒,1
1692,蟹黄,15
1693,蠔油,1
1694,血肠,1
1695,表面蛋液,1
1696,裙带菜干,3
1697,西兰花,58
1698,西洋参,2
1699,西洋菜,1
1700,西瓜,9
1701,西瓜皮,6
1702,西生菜,1
1703,西米,15
1704,西红柿,165
1705,西芹,38
1706,西葫芦,29
1707,话梅,2
1708,调味鲜,1
1709,调和油,1505
1710,调料包,1
1711,豆丝,2
1712,豆干,3
1713,豆沙,34
1714,豆油,31
1715,豆浆,1
1716,豆渣,9
1717,豆片,1
1718,豆瓣,5
1719,豆瓣菜,5
1720,豆瓣辣酱,16
1721,豆瓣酱,234
1722,豆瓣酱t,1
1723,豆瓣酱剁碎,1
1724,豆瓣酱最好是郫县豆瓣,1
1725,豆瓣酱秘制酱,1
1726,豆瓣酱辣油,2
1727,豆皮,4
1728,豆笋,1
1729,豆粉,2
1730,豆腐,137
1731,豆腐丝,5
1732,豆腐丝干,1
1733,豆腐乳,1
1734,豆腐北,2
1735,豆腐南,3
1736,豆腐干,47
1737,豆腐干香干,11
1738,豆腐泡,1
1739,豆腐皮,102
1740,豆腐皮千张,1
1741,豆腐脑带卤,2
1742,豆花,4
1743,豆芽,27
1744,豆芽菜,1
1745,豆蔻,14
1746,豆角,28
1747,豆豉,164
1748,豆豉辣椒酱,1
1749,豆豉辣酱,12
1750,豆豉酱,3
1751,豆豉鲮鱼,1
1752,豆鼓,1
1753,豇豆,87
1754,豇豆干,1
1755,豉油,2
1756,豌豆,4
1757,豌豆尖,3
1758,豌豆淀粉,83
1759,豌豆煮,40
1760,豌豆苗,44
1761,贡菜剁椒,1
1762,赤小豆,13
1763,走地鸡,1
1764,车前子,1
1765,转化糖浆,2
1766,软化黄油,1
1767,辣根,2
1768,辣椒,36
1769,辣椒干,2
1770,辣椒末,1
1771,辣椒油,209
1772,辣椒碎,2
1773,辣椒粉,128
1774,辣椒红小,1
1775,辣椒红尖干,6
1776,辣椒酱,59
1777,辣椒酱豆瓣酱,1
1778,辣椒面,15
1779,辣椒面花椒面,1
1780,辣白菜,7
1781,辣皮酱,1
1782,辣豆豉,1
1783,辣酱,27
1784,辣酱油,15
1785,迷迭香,8
1786,通心粉,1
1787,郫县豆瓣,22
1788,郫县豆瓣辣酱,2
1789,郫县豆瓣酱,158
1790,郫县辣酱,2
1791,配菜鸡蛋,1
1792,酒,1
1793,酒鬼花生,2
1794,酢辣椒,1
1795,酥油,4
1796,酥皮,1
1797,酥肉,1
1798,酥黄豆,1
1799,酱,2
1800,酱料,1
1801,酱料清水,1
1802,酱料生抽,1
1803,酱料盐,1
1804,酱料老抽,1
1805,酱油,1842
1806,酱油三鲜,1
1807,酱油心生,1
1808,酱油生抽,2
1809,酱油膏,7
1810,酱牛肉,9
1811,酱肉,3
1812,酱花生米,1
1813,酱萝卜,2
1814,酱豆腐,1
1815,酱黄瓜,4
1816,酵母,5
1817,酵母干,89
1818,酵母粉,33
1819,酸奶,3
1820,酸木瓜,1
1821,酸杨桃,1
1822,酸柠檬,1
1823,酸椒汁,1
1824,酸白菜,6
1825,酸笋,11
1826,酸芋荷,1
1827,酸荞头,1
1828,酸菜,113
1829,酸菜料包,1
1830,酸菜鱼料包,1
1831,酸菜鱼调料,3
1832,酸菜鱼调料包,2
1833,酸菜鱼调理,1
1834,酸萝卜,45
1835,酸豆角,11
1836,酸辣椒,4
1837,酸黄瓜,2
1838,醋,707
1839,醋t,1
1840,醋精,1
1841,醪糟,6
1842,里脊,3
1843,里脊或梅花肉,1
1844,里脊肉,21
1845,野山椒,21
1846,野菜,4
1847,野蒜,1
1848,野鸡肉,5
1849,野鸭,10
1850,金华火腿,18
1851,金枪鱼罐头,2
1852,金桔,7
1853,金橘,1
1854,金瓜,1
1855,金糕,14
1856,金针菇,80
1857,金针菜,2
1858,金龙鱼花椒油,1
1859,钦州瓜皮,1
1860,铁观音,1
1861,铁观音茶,1
1862,银耳,35
1863,银鱼,15
1864,银鱼干,1
1865,银鳕鱼,2
1866,锅巴,7
1867,锅盔,1
1868,镇江香醋,1
1869,长寿深山野蜜,55
1870,长尖椒,2
1871,长思水晶蜜枣,29
1872,长思金丝枣有核,1
1873,长茄子,4
1874,长豆角,1
1875,长青椒,2
1876,阿胶,1
1877,陈村粉,2
1878,陈皮,74
1879,陈醋,57
1880,雀舌,1
1881,雄鸡标原味蛋黄金枪鱼沙拉酱,1
1882,雪梨,14
1883,雪梨干,1
1884,雪碧,1
1885,雪耳,1
1886,雪蛤,4
1887,雪里红,3
1888,雪里蕻,19
1889,霸王花,1
1890,霸王花干,1
1891,青口,3
1892,青尖椒,1
1893,青杭椒,1
1894,青柠,1
1895,青梅,11
1896,青椒,87
1897,青椒丝,2
1898,青椒可不放,1
1899,青椒或太空椒,1
1900,青椒红辣椒,1
1901,青瓜,2
1902,青稞面,1
1903,青笋,5
1904,青笋尖,1
1905,青红丝,6
1906,青红椒,6
1907,青红辣椒,2
1908,青花椒,10
1909,青花椒鱼调料,1
1910,青菜,3
1911,青萝卜,13
1912,青葱,2
1913,青蒜,100
1914,青蒜叶,1
1915,青蒜末,1
1916,青蒜苗,2
1917,青蟹,13
1918,青豆,92
1919,青辣椒,14
1920,青鱼,43
1921,青黄鱼,1
1922,面包,17
1923,面包屑,13
1924,面包粉,8
1925,面包糠,22
1926,面团,3
1927,面条,3
1928,面条生,85
1929,面粉,703
1930,面线,1
1931,面肥,2
1932,面酱,10
1933,鞭笋,7
1934,韩国大酱,1
1935,韩国泡菜,1
1936,韩式大酱,1
1937,韩式辣酱,4
1938,韭苔,2
1939,韭菜,102
1940,韭菜花,11
1941,韭黄,31
1942,风干咸鸡腿,1
1943,风轮草,4
1944,食油,15
1945,食用油,86
1946,食用油t,1
1947,食用盐,1
1948,食用色素,2
1949,食用香精,3
1950,食盐,5808
1951,食醋,1
1952,饵块,2
1953,饺子猪肉白菜馅,4
1954,饺子皮,13
1955,饺子粉,1
1956,饼干,1
1957,馄饨,2
1958,馄饨皮,18
1959,馒头,16
1960,馓子,3
1961,馕,4
1962,香其酱,1
1963,香叶,199
1964,香料,2
1965,香料八角,1
1966,香料干陈皮,1
1967,香料桂皮,1
1968,香料生姜片,1
1969,香料粉,1
1970,香料花椒,1
1971,香椿,18
1972,香油,843
1973,香瓜,2
1974,香米,5
1975,香糟,10
1976,香肠,85
1977,香芹,2
1978,香茅,4
1979,香茹,1
1980,香草,4
1981,香草粉,4
1982,香草精,14
1983,香菇,531
1984,香菇丸,9
1985,香菇干,4
1986,香菇片,2
1987,香菇酱,4
1988,香菜,622
1989,香菜末,2
1990,香菜根,1
1991,香菜葱花,1
1992,香葱,46
1993,香葱末,1
1994,香葱段,2
1995,香蒜,1
1996,香蕉,21
1997,香辣大盘鸡料,1
1998,香辣小红油,1
1999,香辣料,1
2000,香辣豆豉酱,2
2001,香辣酥,2
2002,香辣酱,8
2003,香醋,116
2004,马兰头,1
2005,马哈鱼,1
2006,马蹄,1
2007,马铃薯丁脱水,210
2008,马铃薯淀粉,3
2009,马铃薯粉,1
2010,马面鱼,28
2011,马齿苋,2
2012,驴肉,2
2013,骆驼掌,1
2014,骨头汤,1
2015,高乐高,1
2016,高汤,432
2017,高汤水,1
2018,高汤汤底,1
2019,高筋面粉,35
2020,高筋面粉油酥,1
2021,高粉水油皮,1
2022,高粱米,1
2023,高粱面,2
2024,高良姜,8
2025,魔芋,13
2026,魔芋丝,5
2027,魔芋粉皮,1
2028,魔芋豆腐,1
2029,鮰鱼,9
2030,鱼,4
2031,鱼丸,29
2032,鱼唇,3
2033,鱼头,25
2034,鱼干,8
2035,鱼松,1
2036,鱼汤,1
2037,鱼白,1
2038,鱼皮,3
2039,鱼籽,6
2040,鱼翅,33
2041,鱼肉,30
2042,鱼肚,15
2043,鱼胶粉,6
2044,鱼腥草,3
2045,鱼茸,3
2046,鱼豆腐,5
2047,鱼露,41
2048,鱼面,1
2049,鱼饼,2
2050,鱼香汁儿,1
2051,鱼香肉丝的调料包,1
2052,鱼香肉丝调料,1
2053,鱼香肉丝酱,1
2054,鱼骨,3
2055,鱼鳔,10
2056,鱿鱼,54
2057,鱿鱼干,18
2058,鲅鱼,3
2059,鲈鱼,40
2060,鲍鱼,32
2061,鲍鱼汁,17
2062,鲐鱼,1
2063,鲚鱼大,4
2064,鲜味汁,7
2065,鲜味酱油,3
2066,鲜奶,6
2067,鲜姜,1
2068,鲜小红椒,1
2069,鲜栗子,14
2070,鲜白果,1
2071,鲜红辣椒,1
2072,鲜翅根,1
2073,鲜花椒,5
2074,鲜藤椒,1
2075,鲜虾,3
2076,鲜贝,11
2077,鲜贝露,6
2078,鲜辣椒,1
2079,鲜酱油,3
2080,鲜香菇,4
2081,鲝粉,1
2082,鲢鱼,15
2083,鲢鱼头,11
2084,鲤鱼,56
2085,鲥鱼,1
2086,鲨鱼,4
2087,鲫鱼,69
2088,鲮鱼,5
2089,鲳鱼,16
2090,鲶鱼,14
2091,鲻鱼,3
2092,鳊鱼,4
2093,鳎目鱼,6
2094,鳓鱼,1
2095,鳕鱼,4
2096,鳖裙,1
2097,鳗鱼,24
2098,鳗鲡鱼,2
2099,鳘鱼,1
2100,鳙鱼,10
2101,鳙鱼头,1
2102,鳜鱼,56
2103,鳝鱼,48
2104,鸡,25
2105,鸡丁,1
2106,鸡中翅,1
2107,鸡全腿,1
2108,鸡土鸡家养,15
2109,鸡心,13
2110,鸡枞,2
2111,鸡枞油,1
2112,鸡枞菌,1
2113,鸡架,7
2114,鸡柳,2
2115,鸡毛菜,4
2116,鸡汁,18
2117,鸡汤,106
2118,鸡油,103
2119,鸡爪,37
2120,鸡皮,3
2121,鸡粉,199
2122,鸡精,1065
2123,鸡精味精,1
2124,鸡翅,53
2125,鸡翅中,4
2126,鸡翅尖,1
2127,鸡翅根,5
2128,鸡肉,235
2129,鸡肉块,1
2130,鸡肉腌制,1
2131,鸡肝,8
2132,鸡肠,2
2133,鸡胗,25
2134,鸡胸,1
2135,鸡胸肉,21
2136,鸡胸脯,1
2137,鸡胸脯肉,175
2138,鸡脖,2
2139,鸡脯肉,7
2140,鸡腿,155
2141,鸡腿肉,4
2142,鸡腿肉块,1
2143,鸡腿菇,9
2144,鸡蛋,1141
2145,鸡蛋液,2
2146,鸡蛋清,392
2147,鸡蛋煮,9
2148,鸡蛋花,1
2149,鸡蛋豆腐,1
2150,鸡蛋面,1
2151,鸡蛋黄,39
2152,鸡血,2
2153,鸡血藤,1
2154,鸡里脊,2
2155,鸡骨草,2
2156,鸦片鱼,1
2157,鸭,2
2158,鸭头,1
2159,鸭子,1
2160,鸭心,1
2161,鸭掌,7
2162,鸭梨,4
2163,鸭皮,1
2164,鸭翅,4
2165,鸭肉,148
2166,鸭肠,4
2167,鸭胗,22
2168,鸭胰,1
2169,鸭胸脯肉,5
2170,鸭脖子,4
2171,鸭腿,19
2172,鸭舌,6
2173,鸭蛋,23
2174,鸭蛋黄,1
2175,鸭血,8
2176,鸽子,1
2177,鸽子蛋,9
2178,鸽肉,9
2179,鹅,1
2180,鹅肉,12
2181,鹅肝,2
2182,鹅肠,2
2183,鹌鹑,7
2184,鹌鹑蛋,37
2185,鹧鸪,2
2186,鹰嘴豆,2
2187,鹿肉梅花鹿,1
2188,鹿茸,1
2189,麦仁,1
2190,麦冬,1
2191,麦穗鱼,1
2192,麦芽糖,26
2193,麻仁,1
2194,麻婆豆腐料,1
2195,麻婆豆腐调味料,1
2196,麻婆豆腐调料,3
2197,麻椒,26
2198,麻椒末,2
2199,麻椒油,1
2200,麻椒粒,1
2201,麻油,8
2202,麻色豌豆,5
2203,麻花,2
2204,麻豆腐,3
2205,麻辣汁,6
2206,麻辣油,2
2207,麻辣火锅底料,2
2208,麻辣粉,4
2209,麻辣花生,4
2210,麻辣蒸肉米粉,1
2211,麻辣调料,1
2212,麻辣酱,7
2213,麻辣香锅底料,1
2214,麻辣香锅调料,1
2215,麻辣鲜调味料,1
2216,麻食,1
2217,麻鸭,4
2218,黄喉,1
2219,黄姜,2
2220,黄姜粉,1
2221,黄桃,2
2222,黄椒,8
2223,黄油,119
2224,黄油水油皮,1
2225,黄油馅料部分,1
2226,黄瓜,314
2227,黄瓜丁,1
2228,黄秋葵,2
2229,黄糖,2
2230,黄芪,11
2231,黄葱,2
2232,黄蘑干,2
2233,黄螺,2
2234,黄记煌海鲜汁,2
2235,黄记煌照烧汁,3
2236,黄记煌特调香辣汁,2
2237,黄记煌藤椒汁,1
2238,黄记煌辣豉酱,2
2239,黄记煌酱汁,1
2240,黄豆,46
2241,黄豆粉,9
2242,黄豆芽,46
2243,黄豆酱,6
2244,黄豆酱油,4
2245,黄豆酱老干妈,1
2246,黄酒,770
2247,黄酱,46
2248,黄面,1
2249,黄颡鱼,4
2250,黄骨鱼,3
2251,黄鱼,38
2252,黍子面,3
2253,黏玉米面,1
2254,黑乐砂锅,2
2255,黑乐砂锅35升,1
2256,黑加仑,1
2257,黑加仑子,1
2258,黑巧克力,1
2259,黑木耳,319
2260,黑枣,2
2261,黑椒汁,1
2262,黑椒粉,1
2263,黑米,7
2264,黑胡椒,40
2265,黑胡椒粉,17
2266,黑胡椒粒,2
2267,黑芝麻粉,7
2268,黑芥,4
2269,黑豆,23
2270,黑豆粉,2
2271,黑豆芽,1
2272,黑醋,5
2273,黑鱼,7
2274,鼠尾草,1
2275,龙井茶,5
2276,龙利鱼,6
2277,龙利鱼柳,2
2278,龙虾,11
2279,龟苓膏粉,1
